Fold,Iterations,ActivationCount,MinDeltaJ_V,MaxDeltaJ_V
1,6,0,-1.0342124246758,-0.000883746278191211
2,6,0,-1.0361274652754,-0.000785205445062331
3,6,0,-1.07610709928367,-0.000907792755661774
4,6,0,-1.01918938829898,-0.000903048478974711
5,6,0,-1.01543405448892,-0.000950988644156325
6,6,0,-0.983791194508591,-0.00082060636984238
7,6,0,-1.03126015546388,-0.000747630090934592
8,6,0,-1.02724370687032,-0.000984006981056496
9,6,0,-1.01010305652528,-0.000725470426672814
10,6,0,-1.04763690498138,-0.000634632500535304
