Fold,Iter,J_PreviousV,J_CandidateV,DeltaJ_V,Chi_t,DeltaU
1,1,NaN,71.7723124508846,NaN,0,0.922064796823159
1,2,43.9007793749487,42.8665669502729,-1.0342124246758,0,0.112672997651573
1,3,42.6753982019502,42.5649526618542,-0.110445540096038,0,0.023360215610378
1,4,42.5543243901457,42.5377563588866,-0.016568031259105,0,0.00687938516082443
1,5,42.5368499757835,42.5335553044416,-0.0032946713419264,0,0.00221033540860638
1,6,42.5334564077635,42.5325726614853,-0.000883746278191211,0,0.000724547835187273
2,1,NaN,72.2471102352022,NaN,0,0.897842340654671
2,2,44.2627806443647,43.2266531790893,-1.0361274652754,0,0.117146152399081
2,3,43.0201681130734,42.908477393651,-0.111690719422384,0,0.0251964375465623
2,4,42.8963500091085,42.8801040296885,-0.0162459794199776,0,0.00748789987099407
2,5,42.8790679111599,42.8759906943218,-0.00307721683817164,0,0.00238787708465538
2,6,42.8758810535601,42.875095848115,-0.000785205445062331,0,0.000771274343767558
3,1,NaN,71.4055415375215,NaN,0,0.919229206414508
3,2,43.9057799019882,42.8296728027045,-1.07610709928367,0,0.119857214291293
3,3,42.6155819508069,42.5018190067391,-0.113762944067837,0,0.0249761964947782
3,4,42.4889803604107,42.4718259424367,-0.0171544179739911,0,0.0073459427231562
3,5,42.4706397043137,42.4672259683814,-0.00341373593229832,0,0.00244663005658952
3,6,42.4670882838168,42.4661804910611,-0.000907792755661774,0,0.000855383901716578
4,1,NaN,72.2248675451662,NaN,0,0.921054994567802
4,2,44.364172371921,43.3449829836221,-1.01918938829898,0,0.114671371580815
4,3,43.1492692311202,43.045499319079,-0.103769912041216,0,0.0232826363761993
4,4,43.0347407593718,43.0191501910338,-0.0155905683380198,0,0.00683065017854323
4,5,43.0182438430064,43.0149734735405,-0.00327036946588066,0,0.00217905358332771
4,6,43.0148749115452,43.0139718630663,-0.000903048478974711,0,0.000719197280825923
5,1,NaN,72.7719535152538,NaN,0,0.918788393268095
5,2,44.7339148728828,43.7184808183938,-1.01543405448892,0,0.11775720798668
5,3,43.5163171262316,43.4093329073992,-0.106984218832451,0,0.0242419283771396
5,4,43.3973096065395,43.3807020153357,-0.0166075912037584,0,0.00743404803244263
5,5,43.3796197167525,43.3761644327545,-0.00345528399795825,0,0.0024344134484825
5,6,43.376041144727,43.3750901560829,-0.000950988644156325,0,0.000831082343993539
6,1,NaN,71.0155785284734,NaN,0,0.921807710448393
6,2,43.6720952956407,42.6883041011321,-0.983791194508591,0,0.114029354173814
6,3,42.5003813845387,42.4000763358905,-0.100305048648174,0,0.0234238472742501
6,4,42.3892029619951,42.3742666548401,-0.0149363071550539,0,0.00707957419564426
6,5,42.3732916736103,42.3703000709786,-0.00299160263163856,0,0.00230655208816449
6,6,42.3701896115852,42.3693690052153,-0.00082060636984238,0,0.000773189494551241
7,1,NaN,71.1618380952654,NaN,0,0.921706077254616
7,2,43.7368640999007,42.7056039444369,-1.03126015546388,0,0.117552921262308
7,3,42.5118066060947,42.4046166800742,-0.107189926020517,0,0.0247619961239449
7,4,42.3932380765286,42.3777905904343,-0.0154474860943523,0,0.00729822761622434
7,5,42.3768055094457,42.3739207172237,-0.00288479222194127,0,0.00232311454446299
7,6,42.3738151336061,42.3730675035152,-0.000747630090934592,0,0.000750132948623583
8,1,NaN,71.3535418489223,NaN,0,0.922239946603747
8,2,43.9088833679106,42.8816396610403,-1.02724370687032,0,0.117545503360728
8,3,42.6810747460766,42.5726709921005,-0.108403753976127,0,0.0239078544251325
8,4,42.5607296477179,42.5437689346471,-0.0169607130708087,0,0.00741143156715018
8,5,42.5426685840793,42.5391374279845,-0.00353115609480881,0,0.00241605566470615
8,6,42.539010209517,42.5380262025359,-0.000984006981056496,0,0.000825072989532161
9,1,NaN,70.6894466436903,NaN,0,0.921938728105693
9,2,43.6187601769105,42.6086571203852,-1.01010305652528,0,0.115020169120624
9,3,42.4198153016653,42.3223935919194,-0.0974217097458876,0,0.0231128479869459
9,4,42.3120652140134,42.2983396704596,-0.0137255435537256,0,0.00677109943701942
9,5,42.2974573730135,42.2947883415432,-0.00266903147034725,0,0.00215964322521955
9,6,42.2946927434655,42.2939672730388,-0.000725470426672814,0,0.000706252866854662
10,1,NaN,71.2978169847746,NaN,0,0.922429878836559
10,2,43.8860389833804,42.8384020783991,-1.04763690498138,0,0.118226377743202
10,3,42.636929990148,42.5366877754253,-0.100242214722726,0,0.0246479261937546
10,4,42.5252010580676,42.5115428178162,-0.0136582402514236,0,0.00729307488298259
10,5,42.5105335071495,42.508053573266,-0.00247993388342849,0,0.00235356584236807
10,6,42.5079419541139,42.5073073216134,-0.000634632500535304,0,0.00077277582133245
